lPRA1 5,6/8/99,2:45 PM,Copyright 1999 by Peter Antoniak,
196,A 2 13,B 15 11,C 26 15,D 41 9,E 50 3,F 53 3,G 56 2,H 58 10,I 68 6,J 74 4,K 78 6,L 84 12,M 96 21,N 117 13,O 130 10,P 140 12,Q 152 0,R 152 5,S 157 20,T 177 10,U 187 1,V 188 2,W 190 6,X 196 0,Y 196 0,Z 196 0,
Akron
Alabama
Alaska
Albany
Anaheim
Annapolis
Ardmore
Arizona
Arkansas
Atlanta
Atlantic City
Augusta
Austin
Baltimore
Baton Rouge
Benton Harbor
Bethlehem
Birhamington
Bismark
Boise
Boston
Boynton Beach
Buffalo
Burlingame
California
Carmel
Carson City
Charleston
Cheyenne
Chicago
Cincinnati
Clementon
Cleveland
Colma
Colorado
Columbia
Columbus
Concord
Connecticut
Daily City
Dallas
Delaware
Denver
Des Moines
Detroit
District of Columbia
Dover
Dublin
East Rutherford
Edmond
Englewood
Florida
Fort Worth
Frankfort
Georgia
Green Bay
Harrisburg
Hartford
Hawaii
Helena
Highland Park
Hilton Head Island
Honolulu
Hot Springs
Houston
Hutchinson
Idaho
Illinois
Indiana
Indianapolis
Iowa
Iwo Jima-Memorial
Jackson
Jefferson City
Juneau
Jupiter
Kansas
Kansas
Kansas City
Kentucky
Kiamesha Lake
Knasas City
Lancaster
Lansing
Las Vegas
Lemont
Ligonier
Lincoln
Lincoln-Memorial
Little Rock
Long Island
Los Altos
Los Angeles
Louisiana
Madison
Madison
Mahan Hall at US Naval Academy
Maine
Mamaroneck
Maryland
Massachusetts
Memphis
Miami
Miami Beach
Michigan
Milwaukee
Minneapolis
Minnesota
Mississippi
Missouri
Montana
Montgomery
Montpelier
Morgan Hills
Mt-Rushmore
Nashville
Nebraska
Nevada
New Hampshire
New Jersey
New Mexico
New Orleans
New York City
New York State
Newark
North Carolina
North Dakota
North Palm Beach
Oak Brook
Oakland
Oakmont
Ohio
Oklahoma City
Oklahoma State
Olympia
Orange County
Oregon
Orlando
Pacific Palasades
Palm Springs
Palo Alto
Pebble Beach
Pennsylvania
Philadelphia
Phoenix
Pierre
Pinehurst
Pittsburgh
Portland
Providence
Raleigh
Rhode Island
Richmond
Rochester
Russsia.
Sacramento
Saint Louis
Saint Paul
Salem
Salt Lake City
San Antonio
San Bruno
San Diego
San Francisco
San Jose
San Mateo
San%20Bruno
Sante Fe
Scarsdale
Seattle
Shoal Creek
South Carolina
South Dakota
Southampton
Springfield
Tacoma
Tallahassee
Tampa
Tecumseh-Statue at US Naval Academy
Tennessee
Texas
Toledo
Topeka
Trenton
Tulsa
Utah
Vermont
Virginia
Washington
Washington-DC
West Virginia
Wichita
Wisconsin
Wyoming
